cell,stage,threadId,state,providerFixtureId,inputTokens,cachedTokens,outputTokens,reasoningTokens,totalTokens,tokenUsd,usageSource
"sol61","scoring","01a112f7-fa38-7a40-9198-a6a6c19b5e0f","completed","1517309","43600","0","7085","3106","50685","0.15805","terminal"
"sol61","scoring","01a112fa-8a90-7d32-a2fc-1662744ac402","interrupted","1549587","","","","null","null","null","unknown"
"sol61","research","01a112ce-9776-7601-896c-cd47ab10d1d8","interrupted","1492395","691863","579968","3662","1947","695525","0.31840680000000005","partial-rollout"
"sol61","scoring","01a112f6-9b1d-7483-9940-dadb5d14c91c","completed","1492391","44877","0","6285","2588","51162","0.152604","terminal"
"sol61","research","01a112e9-47b9-7ca0-bb10-619a803e8a8d","completed","1520911","280180","212736","10666","1663","290846","0.2628216","terminal"
"sol61","research","01a112e5-6151-76d1-b0aa-a54a203082d2","interrupted","1520913","564596","477952","2390","330","566986","0.24498319999999998","partial-rollout"
"sol61","research","01a112d3-2ab3-7e60-b5cb-797b8e394f69","completed","1492395","301691","220928","9137","1964","310828","0.2749888","terminal"
"sol61","research","01a112dd-2e03-7c31-9773-bbd66b4411f8","interrupted","1517309","374308","289664","3403","1704","377711","0.2322844","partial-rollout"
"sol61","scoring","01a112fa-5f63-75b3-aa73-1444ee4341b2","completed","1520916","45700","15744","5999","2070","51699","0.1214764","terminal"
"sol61","research","01a112db-5009-72a1-a04e-c08fff2756b5","completed","1638733","105771","62976","5636","764","111407","0.14824759999999998","terminal"
"sol61","research","01a112ec-c1fa-7fd3-a9a4-b097e15f2066","completed","1549587","985601","875392","10380","1961","995981","0.41175720000000005","terminal"
"sol61","research","01a112d3-2ab3-73a2-92e4-1700264eb00b","completed","1492397","305116","224256","9674","1670","314790","0.2808856","terminal"
"sol61","scoring","01a112f8-c5aa-7a51-b4d2-786825c28237","completed","1520911","46419","0","5323","1552","51742","0.146068","terminal"
"sol61","scoring","01a112f8-9360-7971-87f2-31dd5617e9bc","completed","1520910","43886","0","5715","2070","49601","0.144922","terminal"
"sol61","research","01a112e2-f21b-79b2-ae36-e866c68512c3","completed","1520910","358311","298752","11376","2831","369687","0.2627532","terminal"
"sol61","research","01a112d6-2d35-7da1-a510-5309401f27cb","interrupted","1492391","389815","299904","3012","1289","392827","0.2399324","partial-rollout"
"sol61","research","01a112dd-0637-7af1-bf32-1641e6f3175e","interrupted","1638101","542584","443904","2551","785","545135","0.2672604","partial-rollout"
"sol61","scoring","01a112f8-1df2-7f82-92df-bd7bbbd50ba0","completed","1517361","42441","0","4127","758","46568","0.126152","terminal"
"sol61","research","01a112e9-f574-7743-a120-33b5f73a4f97","completed","1520913","429090","353920","11294","2172","440384","0.298672","terminal"
"sol61","research","01a112e1-c180-71c0-a01c-626d54825390","completed","1517309","139131","102400","9101","1009","148232","0.17471199999999998","terminal"
"sol61","research","01a112d3-2de4-74a2-846b-d34b87bc0489","completed","1492392","218219","153216","10041","1643","228260","0.2457376","terminal"
"sol61","research","01a112e2-e8c4-79f1-b6e8-1e9d2a68faa2","completed","1517361","273037","205056","9110","1167","282147","0.2475676","terminal"
"sol61","scoring","01a112f7-8184-77d1-a7c2-fb0f139c80f4","completed","1638101","40884","0","4106","834","44990","0.122828","terminal"
"sol61","research","01a112ea-6a64-77a3-8199-e9526b426851","completed","1520916","143040","104448","12027","1483","155067","0.2078988","terminal"
"sol61","scoring","01a112fb-177b-7e80-a1d0-5cff1958194f","completed","1597397","37848","0","3424","818","41272","0.109936","terminal"
"sol61","scoring","01a112f7-26e3-7840-95f1-0d3a10494d18","completed","1638733","34878","0","2443","351","37321","0.094186","terminal"
"sol61","scoring","01a112f7-4aa3-7603-aaa1-57aba020cffe","completed","1562767","36111","0","2464","516","38575","0.096862","terminal"
"sol61","research","01a112d3-2e31-7181-953a-a1f964b2bd28","completed","1492399","223946","151424","8974","1382","232920","0.2499264","terminal"
"sol61","research","01a112d6-6689-7e83-be5c-5135c404146e","completed","1638581","356119","292224","8316","1050","364435","0.2401724","terminal"
"sol61","research","01a112ee-a383-7a01-ae50-f5c944ef1586","completed","1638395","436710","353024","13612","2472","450322","0.3387944","terminal"
"sol61","research","01a112ce-9717-71e2-8cf9-31a1eb47dca6","interrupted","1492397","574331","477312","5354","3833","579685","0.2953092","partial-rollout"
"sol61","scoring","01a112fc-6b7a-7ec0-8272-d14fa2f325ad","completed","1638395","43690","0","4532","859","48222","0.1327","terminal"
"sol61","research","01a112da-fb63-7721-a07a-dee252304111","completed","1492393","296080","222720","9736","2548","305816","0.26635200000000003","terminal"
"sol61","scoring","01a112f5-6be2-7c81-b140-5f5db03d3fcd","completed","1492397","44603","0","5484","2070","50087","0.144046","terminal"
"sol61","research","01a112d6-bbf3-7602-9df5-fa88f8b9ff7d","interrupted","1638733","564452","462464","4298","2837","568750","0.29320240000000003","partial-rollout"
"sol61","scoring","01a112fc-7ae3-7b12-801a-ba89de2467df","completed","1643186","45307","0","6599","2588","51906","0.156604","terminal"
"sol61","scoring","01a112f5-6ba6-7243-bb11-c8b1eac5dc1a","completed","1492395","43927","0","5907","2543","49834","0.146924","terminal"
"sol61","scoring","01a112f5-6b72-79d0-af2f-a6719b79673a","completed","1492399","44264","0","3959","648","48223","0.128118","terminal"
"sol61","research","01a112ce-9a59-7b10-a9ae-1efd18f7486f","interrupted","1492392","800804","701824","3356","1207","804160","0.30170240000000004","partial-rollout"
"sol61","research","01a112eb-2ac3-73e3-82b2-614a99ef763b","completed","1520919","212077","148992","11746","1642","223823","0.2585292","terminal"
"sol61","research","01a112ce-99f8-7e63-b1e7-15a4b0554770","interrupted","1492399","475836","380288","3094","1133","478930","0.2600648","partial-rollout"
"sol61","research","01a112de-5d53-74d3-b605-762b17fd18af","interrupted","1520910","463957","386944","2986","1406","466943","0.22258039999999998","partial-rollout"
"sol61","research","01a112da-c04d-7190-a948-735f45fdeca3","completed","1492391","198806","144640","10537","2386","209343","0.228166","terminal"
"sol61","research","01a112e1-9afa-7b63-92a4-0f1a650692ed","completed","1638101","515848","428288","10955","2098","526803","0.3274988","terminal"
"sol61","scoring","01a112f9-4920-7e31-aede-60193f758c30","completed","1520913","44637","15744","5526","1552","50163","0.1146204","terminal"
"sol61","research","01a112e6-95a0-7ae3-973e-c56c12e9a9d7","interrupted","1520919","761010","630272","3822","1942","764832","0.3627232","partial-rollout"
"sol61","research","01a112f0-a7b2-7bb0-bff6-d28464b4b7ec","completed","1643186","509000","438784","13614","1705","522614","0.32045039999999997","terminal"
"sol61","research","01a112d9-4be0-71a0-afda-df13cb94fa78","completed","1562767","832303","719744","10046","1161","842349","0.39755240000000003","terminal"
"sol61","scoring","01a112fa-7d53-77e3-b7c3-3c4a6f26e031","completed","1520919","44868","0","5899","2070","50767","0.148726","terminal"
"sol61","research","01a112d6-678d-7542-9aa3-067b866e958f","interrupted","1492393","666073","555648","3643","1923","669716","0.3128448","partial-rollout"
"sol61","research","01a112de-54b6-7b81-83cb-17df59969308","interrupted","1517361","514711","436864","3569","1290","518280","0.23507039999999998","partial-rollout"
"sol61","scoring","01a112fc-2f92-7ec3-b8e3-279dbfb330fb","completed","1635588","41365","0","4033","1440","45398","0.12306","terminal"
"sol61","scoring","01a112f5-6b72-7062-a9e4-0c514b7727ce","completed","1492392","46690","0","5509","2070","52199","0.14847","terminal"
"sol61","research","01a112f2-93cc-7931-ae46-5995123cb9ed","completed","1635588","261460","207232","8961","1754","270421","0.2187892","terminal"
"sol61","research","01a112e5-d757-72d3-8479-d3e52fc2fa69","interrupted","1520916","706357","588288","3957","1502","710314","0.33453679999999997","partial-rollout"
"sol61","scoring","01a112ff-1fb3-7593-bf57-5c06ff81223c","completed","1549587","36630","0","3602","1552","40232","0.10928","terminal"
"sol61","research","01a112e4-b390-7182-af01-535b0ae61bf8","interrupted","1520911","375471","306816","3609","2061","379080","0.20408160000000003","partial-rollout"
"sol61","research","01a112ed-f784-7ad2-b9f5-d860e29cf7dc","completed","1597397","422928","354432","10450","1492","433378","0.2769352","terminal"
"sol61","research","01a112ed-ffac-7351-b28d-d24c04494027","interrupted","1635588","969872","857984","6076","3658","975948","0.37033440000000006","partial-rollout"
"sol56","scoring","01a112ea-f3f7-7ee0-971c-da76afbfd6b1","completed","1492399","41854","0","8176","5178","50030","0.330936","terminal"
"sol56","scoring","01a112ea-f3f7-7cf1-8879-2431159cf15f","completed","1492397","46049","0","8978","5415","55027","0.363756","terminal"
"sol56","research","01a112df-2ebc-75f1-b211-b180cbfa148f","completed","1520913","543097","459520","15689","8728","558786","0.831896","terminal"
"sol56","scoring","01a112ee-60fd-7a60-810c-faf921e8c511","completed","1517309","41663","0","9613","6874","51276","0.358912","terminal"
"sol56","research","01a112e2-a425-7c52-92ab-cd54fff08d92","completed","1520910","331707","280960","13360","8673","345067","0.582572","terminal"
"sol56","research","01a112e6-bc27-71a3-aeb8-ee2088d89aec","completed","1643186","194149","152704","13484","7213","207633","0.4965416","terminal"
"sol56","research","01a112da-938d-7ee2-a7ff-e7a71d094c3e","completed","1517309","272139","217856","15563","9077","287702","0.6155344","terminal"
"sol56","research","01a112ce-99b0-7630-aacf-22ef65b144e0","interrupted","1492399","293226","233344","1679","1090","294905","0.36644560000000004","partial-rollout"
"sol56","research","01a112ce-971b-7a40-8022-901e72e40fb2","interrupted","1492395","447317","373632","9827","9209","457144","0.6407328","partial-rollout"
"sol56","research","01a112d3-2f41-7912-b9b3-15d4d52f23c6","completed","1492399","152084","113408","10154","5087","162238","0.4031472","terminal"
"sol56","research","01a112ce-974f-7d93-80ce-73b85c3675e8","completed","1492397","214358","151040","15924","8067","230282","0.6321680000000001","terminal"
"sol56","scoring","01a112ea-f47e-7183-965b-41b308549662","completed","1492395","41465","0","7155","4176","48620","0.30896","terminal"
"sol56","research","01a112d7-19d7-76b0-b93b-3a409d6d3854","completed","1638581","319957","270976","14350","8159","334307","0.5913144","terminal"
"sol56","scoring","01a112f2-67c4-7553-a1c5-ecdda0a3b55d","completed","1643186","40176","14848","7242","4527","47418","0.2520912","terminal"
"sol56","scoring","01a112ee-cbad-7cf3-a360-b26e31c79bd7","completed","1520911","41253","0","7330","4451","48583","0.311612","terminal"
"sol56","research","01a112da-343a-7a92-acfa-8b706bcf0d78","completed","1562767","551753","483072","14842","9307","566595","0.7647927999999999","terminal"
"sol56","research","01a112d3-2ab3-7d62-aacc-130e27f8e15f","completed","1492395","211087","165248","10333","5696","221420","0.4561152","terminal"
"sol56","scoring","01a112f2-3cee-7a93-ab43-ae6756b8e628","completed","1638395","38633","14848","6647","3214","45280","0.2340192","terminal"
"sol56","research","01a112de-0f95-7033-8047-2735e5cfb403","interrupted","1520910","214818","146176","3018","2665","217836","0.3933984","partial-rollout"
"sol56","scoring","01a112ee-c001-7781-bb23-d0e750a64613","completed","1520910","40441","12416","7924","5671","48365","0.2755464","terminal"
"sol56","research","01a112ce-9a5a-7702-983f-4f443f530f11","interrupted","1492392","289028","235008","2439","2039","291467","0.3588632","partial-rollout"
"sol56","research","01a112da-581a-70e2-ab70-f6d0afa6d6bf","completed","1638101","482970","423424","16083","8868","499053","0.7292136","terminal"
"sol56","research","01a112e6-b980-7751-981d-418d5f2b07f0","completed","1638395","193042","136448","13253","7701","206295","0.5460152","terminal"
"sol56","research","01a112d7-5d41-7df1-8335-b8a08864e695","completed","1638733","282856","217472","11637","5814","294493","0.5812648","terminal"
"sol56","research","01a112d7-45f2-71b1-a0fb-53331d8b6d2a","completed","1492391","208391","160384","12628","7444","221019","0.5087416","terminal"
"sol56","research","01a112db-41b6-77d3-85cd-8997274117f9","completed","1517361","344174","284288","13883","7395","358057","0.6309192","terminal"
"sol56","scoring","01a112f0-f03a-7fb3-97aa-571202227d2f","completed","1597397","34648","14848","4357","2070","39005","0.17227920000000002","terminal"
"sol56","portfolio","01a112f4-2833-76a2-a686-8545c8b70787","completed","null","18429","0","571","330","19000","0.085136","terminal"
"sol56","scoring","01a112ee-61ac-7ec1-b3ed-ff9d7af4bc1a","completed","1517361","41438","0","6772","3582","48210","0.301192","terminal"
"sol56","scoring","01a112ec-f049-7cd1-9caf-e0a050c113a9","completed","1492393","48852","0","8287","4904","57139","0.361148","terminal"
"sol56","research","01a112e2-efc3-7391-b82e-8bd6070cb1ee","completed","1520919","446795","377984","13320","6679","460115","0.6928375999999999","terminal"
"sol56","scoring","01a112ec-c452-7500-8df6-8eda37924f51","completed","1492391","42528","0","6263","3782","48791","0.295372","terminal"
"sol56","scoring","01a112f1-aece-7413-9a88-0739cdebd6de","completed","1635588","40330","14848","6069","3218","46399","0.2292472","terminal"
"sol56","scoring","01a112ed-514a-7fa0-b82d-5772dc50ad3b","completed","1562767","33983","12416","4853","3215","38836","0.1882944","terminal"
"sol56","research","01a112de-3dec-71a3-a3eb-0abd6bec7b26","interrupted","1520911","346326","284416","9673","9082","355999","0.5548664000000001","partial-rollout"
"sol56","research","01a112e2-d22a-7e91-ac87-e72c76783139","completed","1520911","141025","103424","12489","7353","153514","0.4415536","terminal"
"sol56","research","01a112df-ac82-7c23-a773-9172b146559b","completed","1520916","363795","301312","15414","7132","379209","0.6787368","terminal"
"sol56","scoring","01a112ea-f3f5-7b42-8399-5342c6c6c5bd","completed","1492392","42474","0","8145","5449","50619","0.332796","terminal"
"sol56","scoring","01a112ed-037e-70f2-8681-c22d325977df","completed","1638733","34793","0","5331","3611","40124","0.245792","terminal"
"sol56","research","01a112d2-b2bc-7962-99bf-0cd3ab49aebc","interrupted","1492391","477518","393216","8533","7765","486051","0.6651544","partial-rollout"
"sol56","scoring","01a112f0-c5c9-7dc0-9036-6a16f6003976","completed","1549587","33583","14848","5478","3624","39061","0.1904392","terminal"
"sol56","research","01a112e6-8e3c-72c0-a552-6ecf014e60a8","completed","1635588","183849","144640","14907","8235","198756","0.512832","terminal"
"sol56","scoring","01a112ef-dca5-7163-ae15-8cd832c0c0f6","completed","1520913","43692","12416","8214","4312","51906","0.2943504","terminal"
"sol56","research","01a112e5-fb9d-7ce1-aa71-3981502adc97","completed","1597397","315828","264064","14446","9001","330274","0.6016016","terminal"
"sol56","research","01a112d3-2f45-7ae2-aee4-965a82e52000","completed","1492392","144299","108800","14128","9142","158427","0.46807599999999994","terminal"
"sol56","scoring","01a112f0-a895-7040-8d91-899436239149","completed","1520916","43618","14848","10306","6346","53924","0.3271392","terminal"
"sol56","research","01a112d6-67e8-7103-9303-600cb9cc800f","completed","1492393","291486","228480","18963","8609","310449","0.7226760000000001","terminal"
"sol56","research","01a112e3-5b30-78c3-8874-18a20b848ebe","completed","1549587","466822","407936","13683","8708","480505","0.6723783999999999","terminal"
"astra6","research","01a11306-7de6-7ea3-ab44-bbc1085d6433","completed","1517361","210722","145536","7459","298","218181","1.1703459999999999","terminal"
"astra6","research","01a11309-54ed-72d2-a7db-156c67fab12a","completed","1520916","368009","301184","9501","362","377510","1.444484","terminal"
"astra6","scoring","01a11311-6657-78f2-bacb-95861307c018","completed","1492395","46691","0","4091","416","50782","0.67146","terminal"
"astra6","scoring","01a11315-3901-7e43-a8ca-8f4b9fe3d86d","completed","1549587","35925","0","2186","93","38111","0.46855","terminal"
"astra6","scoring","01a11316-658d-70d3-9335-3382a98a61af","completed","1643186","41952","0","3118","83","45070","0.57542","terminal"
"astra6","research","01a11305-9141-7d91-9d11-08284b3d89cb","completed","1638101","421941","344320","8248","433","430189","1.53293","terminal"
"astra6","scoring","01a11312-866a-7812-8f1a-1eece31addee","completed","1492393","43709","0","3661","215","47370","0.62014","terminal"
"astra6","scoring","01a11315-0961-7451-96a9-a033940ad1aa","completed","1520916","46444","0","4375","260","50819","0.68319","terminal"
"astra6","research","01a1130e-3bf1-7172-a30f-d1c94a7c0821","completed","1638395","202268","154752","7082","35","209350","0.984012","terminal"
"astra6","research","01a1130e-6a82-76c0-b0bc-749bf689069d","completed","1643186","269221","215168","8283","209","277504","1.169848","terminal"
"astra6","research","01a1130b-ef35-73e3-8708-6f52ea5d943a","completed","1549587","247557","187008","6551","37","254108","1.1200480000000002","terminal"
"astra6","research","01a1130c-7f6e-7302-bf39-253c8915fe66","completed","1597397","197509","135296","6795","11","204304","1.0971760000000002","terminal"
"astra6","scoring","01a11316-2b63-76d2-abb1-98e33a3c0cb6","completed","1638395","41664","15616","2916","64","44580","0.421896","terminal"
"astra6","research","01a11303-fb46-78b3-8fc7-18503233f29b","completed","1638733","226308","163456","5917","40","232225","1.087826","terminal"
"astra6","research","01a11308-8544-7cd2-ae82-704c8a6181dd","completed","1520911","147731","89728","6714","79","154445","1.005458","terminal"
"astra6","research","01a11308-ce20-75f2-87ee-44f1aa6961ea","completed","1520913","214190","147712","8736","322","222926","1.249292","terminal"
"astra6","scoring","01a11312-7134-7ae2-a7e0-43b93430e3bc","completed","1492391","45682","0","3989","239","49671","0.65627","terminal"
"astra6","research","01a11300-6922-7a93-83d9-10a37ba81480","completed","1492397","382787","300928","8512","198","391299","1.545118","terminal"
"astra6","scoring","01a11315-ff1d-7301-bbaa-c0ca9af7b8cb","completed","1635588","43053","0","3008","105","46061","0.58093","terminal"
"astra6","scoring","01a11313-cd9f-7591-b661-3b20dec469e4","completed","1517361","42775","15616","2980","76","45755","0.436206","terminal"
"astra6","scoring","01a11312-df88-7633-9e29-20d18f836830","completed","1562767","35374","0","1850","31","37224","0.44624","terminal"
"astra6","research","01a11308-7c2f-7bb0-9f51-6bdbaf13da5b","completed","1520910","443064","363008","12497","844","455561","1.7884179999999998","terminal"
"astra6","scoring","01a11313-a63c-7861-bb7d-f0245196142e","completed","1517309","43627","0","3784","200","47411","0.62547","terminal"
"astra6","research","01a11300-6b65-71e2-a3ea-4e5e24232670","completed","1492395","459675","377216","9206","386","468881","1.662106","terminal"
"astra6","scoring","01a11311-6636-7e41-b6aa-db5d9dcbe04b","completed","1492392","43810","0","3512","412","47322","0.6137","terminal"
"astra6","research","01a11305-757b-7b51-afa1-95da93ca93b5","completed","1562767","465402","391552","7182","24","472584","1.4891519999999998","terminal"
"astra6","research","01a11300-68fe-7282-990f-ebc3b97b7b78","completed","1492392","292762","218624","7348","256","300110","1.327404","terminal"
"astra6","research","01a11300-6b9b-7810-bd2e-8d2ba7a4f9da","completed","1492399","217662","153600","7862","275","225524","1.18732","terminal"
"astra6","scoring","01a11313-9633-73f1-adab-08838bd8c0a9","completed","1638101","41453","0","3797","413","45250","0.60438","terminal"
"astra6","scoring","01a11314-cdf7-7761-a00a-71640970133d","completed","1520911","44351","0","4080","392","48431","0.64751","terminal"
"astra6","scoring","01a11311-66b3-7ec0-8565-5787ce481e55","completed","1492399","45323","0","3255","256","48578","0.61598","terminal"
"astra6","research","01a11303-7b6d-7413-8e36-4c05827eeb25","completed","1638581","198511","146304","4871","191","203382","0.911924","terminal"
"astra6","scoring","01a11311-66c9-7b21-81f0-38fc2ff67aeb","completed","1492397","46460","0","3176","74","49636","0.6234","terminal"
"astra6","scoring","01a11312-c655-70b2-9ed8-2d131cccd3b4","completed","1638733","34640","0","2028","300","36668","0.4478","terminal"
"astra6","scoring","01a11313-da18-7d62-a322-84c4dfe1b1b7","completed","1520910","49010","0","3690","338","52700","0.6746","terminal"
"astra6","research","01a11305-a4f8-7f73-8780-30030b6f8a83","completed","1517309","203482","145408","8000","201","211482","1.1261480000000001","terminal"
"astra6","research","01a11302-c7a9-7e93-9320-17df021caf3e","completed","1492391","294608","219392","7704","138","302312","1.356752","terminal"
"astra6","scoring","01a11315-035b-71e3-a8d1-38e9019bdf55","completed","1520913","45541","0","3463","116","49004","0.62856","terminal"
"astra6","research","01a11302-ec2d-7891-a5db-3f7481cf9b21","completed","1492393","219319","151552","7672","158","226991","1.212822","terminal"
"astra6","research","01a1130c-f04f-70b3-9da5-abd5a77a40e1","completed","1635588","255681","202752","8407","222","264088","1.1523919999999999","terminal"
"astra6","research","01a1130a-f074-7aa0-ab40-2e3288608ff1","completed","1520919","365531","283392","8957","441","374488","1.552632","terminal"
"luna6","research","01a1131d-1ccc-7922-ac94-73160cbd5fe5","completed","1638395","634210","541440","30505","23517","664715","0.029943900000000002","terminal"
"luna6","research","01a11303-e20c-7bd0-9ac7-ad6940af5b2c","completed","1638581","419874","346112","28910","22330","448784","0.02529232","terminal"
"luna6","research","01a11316-4eb6-7830-a922-c86f9ab19756","interrupted","1597397","267959","191488","9130","8554","277089","0.01412698","partial-rollout"
"luna6","research","01a11300-6911-7bc2-abd1-571f93d25f5b","interrupted","1492397","214806","151808","3411","3045","218217","0.00952338","partial-rollout"
"luna6","research","01a11315-ecae-7fd2-a4fe-59ddcff0e9c0","interrupted","1549587","287730","236032","11467","11117","299197","0.01326362","partial-rollout"
"luna6","research","01a1131a-eaff-7fd1-8deb-075873436429","completed","1597397","291651","244224","21118","16636","312769","0.01774394","terminal"
"luna6","scoring","01a1132b-7bae-70f1-964c-cabe7377281e","completed","1520910","47606","12032","11878","8350","59484","0.00961672","terminal"
"luna6","scoring","01a1132c-e2d7-78a3-a544-bd0e796b2d1d","completed","1597397","34815","12032","7570","5560","42385","0.006183620000000001","terminal"
"luna6","research","01a11305-40ff-7020-9306-ecc4480ff5ba","interrupted","1638733","322914","267520","11082","10424","333996","0.0137556","partial-rollout"
"luna6","scoring","01a1132d-d901-7380-947b-bec65cc6271e","completed","1638395","40097","14080","6395","3964","46492","0.00594","terminal"
"luna6","scoring","01a1132b-87a2-7953-ad1d-08ab146a4f8a","completed","1520911","44967","44800","15918","12626","60885","0.008423700000000001","terminal"
"luna6","research","01a11303-52a1-7073-a6cf-ce3107ac2395","completed","1492393","284581","214016","23578","14201","308159","0.02098566","terminal"
"luna6","research","01a1131d-507d-7292-9a67-f7bfdb681177","interrupted","1643186","192298","150528","4966","4547","197264","0.00816528","partial-rollout"
"luna6","research","01a1130f-1591-7412-aab8-479003225ae9","completed","1520911","196569","176128","20066","12443","216635","0.013838379999999999","terminal"
"luna6","research","01a1130d-3738-72d0-b240-d5ffca2585d6","completed","1520916","210110","145664","19309","13156","229419","0.01755574","terminal"
"luna6","research","01a11303-48f0-7871-9d83-e7ec4294c778","completed","1492391","281155","226048","19462","12698","300617","0.01750218","terminal"
"luna6","research","01a11305-fa2b-74d2-9919-155879e6d64f","completed","1562767","334713","251648","21274","15179","355987","0.02145998","terminal"
"luna6","research","01a11314-6ed3-7f70-a2e3-1415e06cbf3c","interrupted","1520913","314560","247552","6087","5756","320647","0.012219820000000001","partial-rollout"
"luna6","scoring","01a1132d-d31b-7081-8d84-9aebcdfef246","completed","1635588","41211","0","7047","4501","48258","0.0076446000000000005","terminal"
"luna6","scoring","01a11328-d75e-7b11-b6aa-fc827bfdccda","completed","1492399","48859","0","9884","6528","58743","0.009827900000000002","terminal"
"luna6","scoring","01a11328-d6d6-7112-bc5a-acb2851a52ed","completed","1492395","44004","0","9870","7588","53874","0.0093354","terminal"
"luna6","research","01a11307-6b6c-7c23-a0d2-df0537717a4c","completed","1638101","268431","199680","20156","14332","288587","0.018949900000000002","terminal"
"luna6","research","01a1130d-1c9f-7a62-87bd-09b4ad53299c","interrupted","1517361","367860","314624","5833","5265","373693","0.011386340000000002","partial-rollout"
"luna6","research","01a11300-6b94-7172-8a0e-9d71c6811f92","completed","1492395","376776","293632","27373","19955","404149","0.02493722","terminal"
"luna6","research","01a11309-d671-75c0-abbd-263af8c3e5e7","completed","1520910","572016","485376","29206","19096","601222","0.02812076","terminal"
"luna6","research","01a1131a-85af-75a1-8756-3884960e3602","completed","1549587","317009","260608","13262","9969","330271","0.01487718","terminal"
"luna6","research","01a11304-fe38-7981-92c5-1f97bfefbd90","completed","1492397","262626","194560","23380","15991","286006","0.0204422","terminal"
"luna6","research","01a11309-d671-74c3-9c2d-a9e53222d11f","completed","1638733","134893","93440","11595","8063","146488","0.0108772","terminal"
"luna6","research","01a1130a-81a8-7bb2-a60d-dec619b604d3","interrupted","1520911","282018","207872","14317","13850","296335","0.01665182","partial-rollout"
"luna6","research","01a11321-e643-72d2-98d8-efab8bbc4f28","interrupted","1643186","180270","126208","3305","3090","183575","0.00832078","partial-rollout"
"luna6","research","01a11318-c4b3-7d32-a387-8dcca0ccc27c","interrupted","1520919","333672","261888","6109","5671","339781","0.01285178","partial-rollout"
"luna6","research","01a11311-b141-7913-87a5-9234e7382d03","interrupted","1517361","187671","143360","7150","6858","194821","0.009439699999999999","partial-rollout"
"luna6","research","01a1130f-d8da-7201-880d-0a9570941452","interrupted","1520913","193280","150528","5024","4763","198304","0.008292480000000001","partial-rollout"
"luna6","research","01a11319-0333-79f1-95b7-c5f9f407544c","completed","1635588","738043","637440","39111","30786","777154","0.03599020000000001","terminal"
"luna6","scoring","01a11328-d6d6-7130-a1e3-f4e6553393f2","completed","1492397","46766","0","12664","9703","59430","0.0110086","terminal"
"luna6","research","01a1130b-45ab-75a1-83a3-24fefee88a63","interrupted","1520913","361962","288256","9997","9450","371959","0.01525166","partial-rollout"
"luna6","scoring","01a1132b-ce97-7421-95bc-0de3b44e45cf","completed","1520916","41714","14080","8328","5410","50042","0.007068200000000001","terminal"
"luna6","research","01a11307-7a70-7db2-9a7e-2ed7d626d06c","completed","1517309","522198","431360","23873","16629","546071","0.025333900000000006","terminal"
"luna6","research","01a11300-68ff-7a23-8d90-74151a52d762","completed","1492392","214856","149760","21579","14156","236435","0.0187967","terminal"
"luna6","scoring","01a1132a-2144-7823-b5e5-4e0aee5dcb55","completed","1492393","47701","0","7291","4660","54992","0.0084156","terminal"
"luna6","scoring","01a1132a-5fd0-78d1-82ed-33121fe3afc0","completed","1638733","33510","0","4022","2588","37532","0.005362","terminal"
"luna6","research","01a11300-6b9c-75c0-9764-d22f26e85bee","completed","1492399","451395","359936","30782","23560","482177","0.02813626","terminal"
"luna6","scoring","01a1132a-f6e0-73d3-b3d2-9541e30c5777","completed","1638101","39220","0","5930","3502","45150","0.006887","terminal"
"luna6","scoring","01a1132e-3b2d-7c20-97ab-6a6a46b3cdc9","completed","1643186","40182","0","10240","7726","50422","0.0091382","terminal"
"luna6","research","01a11314-30e7-7092-ba7d-11a68d950d36","interrupted","1520919","185081","131328","5333","5149","190414","0.009355079999999998","partial-rollout"
"luna6","research","01a1130f-9b41-7490-bc1b-9a90d8040c06","interrupted","1520919","375368","285440","5727","5207","381095","0.0147107","partial-rollout"
"luna6","scoring","01a11328-d6ed-7d91-9185-01b92792a744","completed","1492392","44414","0","9004","6101","53418","0.0089434","terminal"
"luna6","scoring","01a1132a-0f45-7cd2-b28b-fdcd280923c8","completed","1492391","45708","0","11377","9100","57085","0.010259299999999999","terminal"
"luna6","research","01a11326-7bcf-7f43-aed8-a97b98799e9b","completed","1643186","299397","247296","19489","14138","318886","0.017427559999999998","terminal"
"luna6","research","01a11308-8888-78b2-ac3c-07a87b05d08a","interrupted","1517361","145596","87552","3666","3377","149262","0.00851292","partial-rollout"
"luna6","research","01a11311-5917-7c23-b46e-c36704525ba8","interrupted","1549587","128399","77312","3754","3481","132153","0.00775882","partial-rollout"
"luna6","scoring","01a1132a-e58d-77d0-91d7-54c6c13dd46c","completed","1562767","35587","0","10241","8606","45828","0.008679200000000001","terminal"
